district_en,district_th,district_share_flooded_2011_pct,district_share_flooded_2012_2024_pct,subdistrict_en,subdistrict_th,subdistrict_code,subdistrict_area_km2,subdistrict_share_flooded_2011_pct,page
Pathum Wan,ปทุมวัน,0,0,Rong Mueang,รองเมือง,100701,1.3,0,https://thaifloodrisk.com/en/tools/bangkok-2011-flood-by-district
Pathum Wan,ปทุมวัน,0,0,Wang Mai,วังใหม่,100702,1.3,0,https://thaifloodrisk.com/en/tools/bangkok-2011-flood-by-district
Pathum Wan,ปทุมวัน,0,0,Pathum Wan,ปทุมวัน,100703,2,0,https://thaifloodrisk.com/en/tools/bangkok-2011-flood-by-district
Pathum Wan,ปทุมวัน,0,0,Lumphini,ลุมพินี,100704,3.5,0,https://thaifloodrisk.com/en/tools/bangkok-2011-flood-by-district
Phra Khanong,พระโขนง,0,0,Bang Chak,บางจาก,100905,13.7,0,https://thaifloodrisk.com/en/tools/bangkok-2011-flood-by-district
Rat Thewi,ราชเทวี,0,0,Thung Phaya Thai,ทุ่งพญาไท,103701,2.5,0,https://thaifloodrisk.com/en/tools/bangkok-2011-flood-by-district
Rat Thewi,ราชเทวี,0,0,Thanon Phaya Thai,ถนนพญาไท,103702,1.2,0,https://thaifloodrisk.com/en/tools/bangkok-2011-flood-by-district
Rat Thewi,ราชเทวี,0,0,Thanon Phetchaburi,ถนนเพชรบุรี,103703,2.4,0,https://thaifloodrisk.com/en/tools/bangkok-2011-flood-by-district
Rat Thewi,ราชเทวี,0,0,Makkasan,มักกะสัน,103704,1,0,https://thaifloodrisk.com/en/tools/bangkok-2011-flood-by-district
Bang Na,บางนา,0,0,Bang Na,บางนา,104701,16.5,0,https://thaifloodrisk.com/en/tools/bangkok-2011-flood-by-district
Yannawa,ยานนาวา,0.2,0,Chong Nonsi,ช่องนนทรี,101203,5.3,0,https://thaifloodrisk.com/en/tools/bangkok-2011-flood-by-district
Yannawa,ยานนาวา,0.2,0,Bang Phongphang,บางโพงพาง,101204,7.1,0.4,https://thaifloodrisk.com/en/tools/bangkok-2011-flood-by-district
Din Daeng,ดินแดง,0.2,0,Din Daeng,ดินแดง,102601,9.4,0.2,https://thaifloodrisk.com/en/tools/bangkok-2011-flood-by-district
Thung Khu,ทุ่งครุ,0.2,0,Bang Mot,บางมด,104901,11.9,0,https://thaifloodrisk.com/en/tools/bangkok-2011-flood-by-district
Thung Khu,ทุ่งครุ,0.2,0,Thung Khru,ทุ่งครุ,104902,21.4,0.3,https://thaifloodrisk.com/en/tools/bangkok-2011-flood-by-district
Watthana,วัฒนา,0.3,0,Khlong Toei Nuea,คลองเตยเหนือ,103901,2.3,0,https://thaifloodrisk.com/en/tools/bangkok-2011-flood-by-district
Watthana,วัฒนา,0.3,0,Khlong Tan Nuea,คลองตันเหนือ,103902,7.6,0.3,https://thaifloodrisk.com/en/tools/bangkok-2011-flood-by-district
Watthana,วัฒนา,0.3,0,Phra Khanong Nuea,พระโขนงเหนือ,103903,3.7,0.5,https://thaifloodrisk.com/en/tools/bangkok-2011-flood-by-district
Bang Rak,บางรัก,0.5,0,Maha Phruettharam,มหาพฤฒาราม,100401,0.6,0,https://thaifloodrisk.com/en/tools/bangkok-2011-flood-by-district
Bang Rak,บางรัก,0.5,0,Si Lom,สีลม,100402,0.8,0,https://thaifloodrisk.com/en/tools/bangkok-2011-flood-by-district
Bang Rak,บางรัก,0.5,0,Suriyawong,สุริยวงศ์,100403,1.4,0,https://thaifloodrisk.com/en/tools/bangkok-2011-flood-by-district
Bang Rak,บางรัก,0.5,0,Bang Rak,บางรัก,100404,0.6,0,https://thaifloodrisk.com/en/tools/bangkok-2011-flood-by-district
Bang Rak,บางรัก,0.5,0,Si Phraya,สี่พระยา,100405,0.5,4,https://thaifloodrisk.com/en/tools/bangkok-2011-flood-by-district
Pom Prap Sattru Phai,ป้อมปราบศัตรูพ่าย,0.5,0,Pom Prap,ป้อมปราบ,100801,0.6,1.9,https://thaifloodrisk.com/en/tools/bangkok-2011-flood-by-district
Pom Prap Sattru Phai,ป้อมปราบศัตรูพ่าย,0.5,0,Wat Thepsirin,วัดเทพศิรินทร์,100802,0.4,0,https://thaifloodrisk.com/en/tools/bangkok-2011-flood-by-district
Pom Prap Sattru Phai,ป้อมปราบศัตรูพ่าย,0.5,0,Khlong Mahanak,คลองมหานาค,100803,0.6,0,https://thaifloodrisk.com/en/tools/bangkok-2011-flood-by-district
Pom Prap Sattru Phai,ป้อมปราบศัตรูพ่าย,0.5,0,Ban Bat,บ้านบาตร,100804,0.4,0,https://thaifloodrisk.com/en/tools/bangkok-2011-flood-by-district
Pom Prap Sattru Phai,ป้อมปราบศัตรูพ่าย,0.5,0,Wat Sommanat,วัดโสมนัส,100805,0.5,0,https://thaifloodrisk.com/en/tools/bangkok-2011-flood-by-district
Phaya Thai,พญาไท,0.6,0,Sam Sen Nai,สามเสนใน,101401,8.6,0.6,https://thaifloodrisk.com/en/tools/bangkok-2011-flood-by-district
Sa Thon,สาทร,0.7,0,Thung Wat Don,ทุ่งวัดดอน,102801,1.8,0,https://thaifloodrisk.com/en/tools/bangkok-2011-flood-by-district
Sa Thon,สาทร,0.7,0,Yan Nawa,ยานนาวา,102802,2.4,1.5,https://thaifloodrisk.com/en/tools/bangkok-2011-flood-by-district
Sa Thon,สาทร,0.7,0,Thung Maha Mek,ทุ่งมหาเมฆ,102803,2.9,0.4,https://thaifloodrisk.com/en/tools/bangkok-2011-flood-by-district
Khlong Toei,คลองเตย,0.9,0,Khlong Toei,คลองเตย,103301,7.6,1.6,https://thaifloodrisk.com/en/tools/bangkok-2011-flood-by-district
Khlong Toei,คลองเตย,0.9,0,Khlong Tan,คลองตัน,103302,1.9,0,https://thaifloodrisk.com/en/tools/bangkok-2011-flood-by-district
Khlong Toei,คลองเตย,0.9,0,Phra Khanong,พระโขนง,103303,3.7,0,https://thaifloodrisk.com/en/tools/bangkok-2011-flood-by-district
Huai Khwang,ห้วยขวาง,1.1,0,Huai Khwang,ห้วยขวาง,101701,4.6,0,https://thaifloodrisk.com/en/tools/bangkok-2011-flood-by-district
Huai Khwang,ห้วยขวาง,1.1,0,Bang Kapi,บางกะปิ,101702,6.3,0.8,https://thaifloodrisk.com/en/tools/bangkok-2011-flood-by-district
Huai Khwang,ห้วยขวาง,1.1,0,Sam Sen Nok,สามเสนนอก,101704,5.5,2.3,https://thaifloodrisk.com/en/tools/bangkok-2011-flood-by-district
Prawet,ประเวศ,1.3,0,Prawet,ประเวศ,103201,24.2,2.9,https://thaifloodrisk.com/en/tools/bangkok-2011-flood-by-district
Prawet,ประเวศ,1.3,0,Nong Bon,หนองบอน,103202,13.3,0,https://thaifloodrisk.com/en/tools/bangkok-2011-flood-by-district
Prawet,ประเวศ,1.3,0,Dokmai,ดอกไม้,103203,16.3,0,https://thaifloodrisk.com/en/tools/bangkok-2011-flood-by-district
Rat Burana,ราษฎร์บูรณะ,1.9,0,Rat Burana,ราษฎร์บูรณะ,102401,5.7,1.2,https://thaifloodrisk.com/en/tools/bangkok-2011-flood-by-district
Rat Burana,ราษฎร์บูรณะ,1.9,0,Bang Pakok,บางปะกอก,102402,7.2,2.4,https://thaifloodrisk.com/en/tools/bangkok-2011-flood-by-district
Suan Luang,สวนหลวง,2.9,0,Suan Luang,สวนหลวง,103401,24.4,2.9,https://thaifloodrisk.com/en/tools/bangkok-2011-flood-by-district
Chom Thong,จอมทอง,3.1,0,Bang Khun Thian,บางขุนเทียน,103501,6.4,8.1,https://thaifloodrisk.com/en/tools/bangkok-2011-flood-by-district
Chom Thong,จอมทอง,3.1,0,Bang Kho,บางค้อ,103502,3.1,1.7,https://thaifloodrisk.com/en/tools/bangkok-2011-flood-by-district
Chom Thong,จอมทอง,3.1,0,Bang Mot,บางมด,103503,8.6,0.7,https://thaifloodrisk.com/en/tools/bangkok-2011-flood-by-district
Chom Thong,จอมทอง,3.1,0,Chom Thong,จอมทอง,103504,5.5,1.6,https://thaifloodrisk.com/en/tools/bangkok-2011-flood-by-district
Bang Kho Laem,บางคอแหลม,3.9,0,Bang Kho Laem,บางคอแหลม,103101,1.8,3.8,https://thaifloodrisk.com/en/tools/bangkok-2011-flood-by-district
Bang Kho Laem,บางคอแหลม,3.9,0,Wat Phraya Krai,วัดพระยาไกร,103102,1.5,12.4,https://thaifloodrisk.com/en/tools/bangkok-2011-flood-by-district
Bang Kho Laem,บางคอแหลม,3.9,0,Bang Khlo,บางโคล่,103103,5.1,1.4,https://thaifloodrisk.com/en/tools/bangkok-2011-flood-by-district
Bang Su,บางซื่อ,7,0,Bang Sue,บางซื่อ,102901,12.7,7,https://thaifloodrisk.com/en/tools/bangkok-2011-flood-by-district
Dusit,ดุสิต,7.5,0,Dusit,ดุสิต,100201,2.4,0.1,https://thaifloodrisk.com/en/tools/bangkok-2011-flood-by-district
Dusit,ดุสิต,7.5,0,Wachira Phayaban,วชิรพยาบาล,100202,1.2,12.4,https://thaifloodrisk.com/en/tools/bangkok-2011-flood-by-district
Dusit,ดุสิต,7.5,0,Suan Chit Lada,สวนจิตรลดา,100203,1.9,1.1,https://thaifloodrisk.com/en/tools/bangkok-2011-flood-by-district
Dusit,ดุสิต,7.5,0,Si Yaek Maha Nak,สี่แยกมหานาค,100204,0.2,26.1,https://thaifloodrisk.com/en/tools/bangkok-2011-flood-by-district
Dusit,ดุสิต,7.5,0,Thanon Nakhon Chai Si,ถนนนครไชยศรี,100206,5.7,11,https://thaifloodrisk.com/en/tools/bangkok-2011-flood-by-district
Bang Khun Thian,บางขุนเทียน,8.4,0,Tha Kham,ท่าข้าม,102105,80,1.4,https://thaifloodrisk.com/en/tools/bangkok-2011-flood-by-district
Bang Khun Thian,บางขุนเทียน,8.4,0,Samae Dam,แสมดำ,102107,47.3,20.1,https://thaifloodrisk.com/en/tools/bangkok-2011-flood-by-district
Bang Kapi,บางกะปิ,14.2,0,Khlong Chan,คลองจั่น,100601,11.7,16.6,https://thaifloodrisk.com/en/tools/bangkok-2011-flood-by-district
Bang Kapi,บางกะปิ,14.2,0,Hua Mak,หัวหมาก,100608,15.3,12.4,https://thaifloodrisk.com/en/tools/bangkok-2011-flood-by-district
Saphan Sung,สะพานสูง,14.4,0.2,Saphan Sung,สะพานสูง,104401,27.8,14.4,https://thaifloodrisk.com/en/tools/bangkok-2011-flood-by-district
Thon Buri,ธนบุรี,20,0,Wat Kanlaya,วัดกัลยาณ์,101501,0.7,53.6,https://thaifloodrisk.com/en/tools/bangkok-2011-flood-by-district
Thon Buri,ธนบุรี,20,0,Hiran Ruchi,หิรัญรูจี,101502,0.6,49.8,https://thaifloodrisk.com/en/tools/bangkok-2011-flood-by-district
Thon Buri,ธนบุรี,20,0,Bang Yi Ruea,บางยี่เรือ,101503,1.4,41,https://thaifloodrisk.com/en/tools/bangkok-2011-flood-by-district
Thon Buri,ธนบุรี,20,0,Bukkhalo,บุคคโล,101504,4.6,9.1,https://thaifloodrisk.com/en/tools/bangkok-2011-flood-by-district
Thon Buri,ธนบุรี,20,0,Talat Phlu,ตลาดพลู,101505,1.5,5.2,https://thaifloodrisk.com/en/tools/bangkok-2011-flood-by-district
Phra Nakhon,พระนคร,24.4,0,Phra Borom Maha Ratchawang,พระบรมมหาราชวัง,100101,1.4,29.8,https://thaifloodrisk.com/en/tools/bangkok-2011-flood-by-district
Phra Nakhon,พระนคร,24.4,0,Wang Burapha Phirom,วังบูรพาภิรมย์,100102,0.8,32.7,https://thaifloodrisk.com/en/tools/bangkok-2011-flood-by-district
Phra Nakhon,พระนคร,24.4,0,Wat Ratchabophit,วัดราชบพิธ,100103,0.2,16.5,https://thaifloodrisk.com/en/tools/bangkok-2011-flood-by-district
Phra Nakhon,พระนคร,24.4,0,Samran Rat,สำราญราษฎร์,100104,0.2,40.7,https://thaifloodrisk.com/en/tools/bangkok-2011-flood-by-district
Phra Nakhon,พระนคร,24.4,0,San Chaopho Suea,ศาลเจ้าพ่อเสือ,100105,0.2,0,https://thaifloodrisk.com/en/tools/bangkok-2011-flood-by-district
Phra Nakhon,พระนคร,24.4,0,Sao Chingcha,เสาชิงช้า,100106,0.1,7.8,https://thaifloodrisk.com/en/tools/bangkok-2011-flood-by-district
Phra Nakhon,พระนคร,24.4,0,Bowon Niwet,บวรนิเวศ,100107,0.5,9.6,https://thaifloodrisk.com/en/tools/bangkok-2011-flood-by-district
Phra Nakhon,พระนคร,24.4,0,Talat Yot,ตลาดยอด,100108,0.1,24.4,https://thaifloodrisk.com/en/tools/bangkok-2011-flood-by-district
Phra Nakhon,พระนคร,24.4,0,Chana Songkhram,ชนะสงคราม,100109,0.3,52.2,https://thaifloodrisk.com/en/tools/bangkok-2011-flood-by-district
Phra Nakhon,พระนคร,24.4,0,Ban Phan Thom,บ้านพานถม,100110,0.5,7.2,https://thaifloodrisk.com/en/tools/bangkok-2011-flood-by-district
Phra Nakhon,พระนคร,24.4,0,Bang Khun Phrom,บางขุนพรหม,100111,0.4,6.4,https://thaifloodrisk.com/en/tools/bangkok-2011-flood-by-district
Phra Nakhon,พระนคร,24.4,0,Wat Sam Phraya,วัดสามพระยา,100112,0.5,33.2,https://thaifloodrisk.com/en/tools/bangkok-2011-flood-by-district
Wang Thong Lang,วังทองหลาง,25.9,0,Wang Thonglang,วังทองหลาง,104501,17.6,25.9,https://thaifloodrisk.com/en/tools/bangkok-2011-flood-by-district
Bung Kum,บึงกุ่ม,27.3,0,Khlong Kum,คลองกุ่ม,102701,23.8,27.3,https://thaifloodrisk.com/en/tools/bangkok-2011-flood-by-district
Khanna Yao,คันนายาว,41,0.8,Khan Na Yao,คันนายาว,104301,25,41,https://thaifloodrisk.com/en/tools/bangkok-2011-flood-by-district
Bang Bon,บางบอน,42.1,0,Bang Bon,บางบอน,105001,34.4,42.1,https://thaifloodrisk.com/en/tools/bangkok-2011-flood-by-district
Khlong San,คลองสาน,47.7,0,Somdet Chao Phraya,สมเด็จเจ้าพระยา,101801,0.7,69.9,https://thaifloodrisk.com/en/tools/bangkok-2011-flood-by-district
Khlong San,คลองสาน,47.7,0,Khlong San,คลองสาน,101802,0.9,55.6,https://thaifloodrisk.com/en/tools/bangkok-2011-flood-by-district
Khlong San,คลองสาน,47.7,0,Bang Lamphu Lang,บางลำภูล่าง,101803,2,29.5,https://thaifloodrisk.com/en/tools/bangkok-2011-flood-by-district
Khlong San,คลองสาน,47.7,0,Khlong Ton Sai,คลองต้นไทร,101804,2,54.7,https://thaifloodrisk.com/en/tools/bangkok-2011-flood-by-district
Lat Phrao,ลาดพร้าว,50,0.1,Lat Phrao,ลาดพร้าว,103801,15,49.2,https://thaifloodrisk.com/en/tools/bangkok-2011-flood-by-district
Lat Phrao,ลาดพร้าว,50,0.1,Chorakhe Bua,จรเข้บัว,103802,5.4,52.2,https://thaifloodrisk.com/en/tools/bangkok-2011-flood-by-district
Phasi Charoen,ภาษีเจริญ,50.6,0,Bang Wa,บางหว้า,102201,6.6,39.9,https://thaifloodrisk.com/en/tools/bangkok-2011-flood-by-district
Phasi Charoen,ภาษีเจริญ,50.6,0,Bang Duan,บางด้วน,102202,3.3,57.8,https://thaifloodrisk.com/en/tools/bangkok-2011-flood-by-district
Phasi Charoen,ภาษีเจริญ,50.6,0,Bang Chak,บางจาก,102206,1.1,33.6,https://thaifloodrisk.com/en/tools/bangkok-2011-flood-by-district
Phasi Charoen,ภาษีเจริญ,50.6,0,Bang Waek,บางแวก,102207,3.4,46.8,https://thaifloodrisk.com/en/tools/bangkok-2011-flood-by-district
Phasi Charoen,ภาษีเจริญ,50.6,0,Khlong Khwang,คลองขวาง,102208,2.6,77.1,https://thaifloodrisk.com/en/tools/bangkok-2011-flood-by-district
Phasi Charoen,ภาษีเจริญ,50.6,0,Pak Khlong Phasi Charoen,ปากคลองภาษีเจริญ,102209,1.7,51.1,https://thaifloodrisk.com/en/tools/bangkok-2011-flood-by-district
Phasi Charoen,ภาษีเจริญ,50.6,0,Khuha Sawan,คูหาสวรรค์,102210,0.8,59.4,https://thaifloodrisk.com/en/tools/bangkok-2011-flood-by-district
Nong Khaem,หนองแขม,52.2,0,Nong Khaem,หนองแขม,102302,19.2,39.6,https://thaifloodrisk.com/en/tools/bangkok-2011-flood-by-district
Nong Khaem,หนองแขม,52.2,0,Nong Khang Phlu,หนองค้างพลู,102303,16.7,66.6,https://thaifloodrisk.com/en/tools/bangkok-2011-flood-by-district
Min Buri,มีนบุรี,53.9,2.6,Min Buri,มีนบุรี,101001,24.9,32.2,https://thaifloodrisk.com/en/tools/bangkok-2011-flood-by-district
Min Buri,มีนบุรี,53.9,2.6,Saen Saep,แสนแสบ,101002,36.8,68.6,https://thaifloodrisk.com/en/tools/bangkok-2011-flood-by-district
Taling Chan,ตลิ่งชัน,57.6,0,Khlong Chak Phra,คลองชักพระ,101901,1,30.7,https://thaifloodrisk.com/en/tools/bangkok-2011-flood-by-district
Taling Chan,ตลิ่งชัน,57.6,0,Taling Chan,ตลิ่งชัน,101902,6.1,50.4,https://thaifloodrisk.com/en/tools/bangkok-2011-flood-by-district
Taling Chan,ตลิ่งชัน,57.6,0,Chimphli,ฉิมพลี,101903,9.3,79.1,https://thaifloodrisk.com/en/tools/bangkok-2011-flood-by-district
Taling Chan,ตลิ่งชัน,57.6,0,Bang Phrom,บางพรม,101904,5.4,40.8,https://thaifloodrisk.com/en/tools/bangkok-2011-flood-by-district
Taling Chan,ตลิ่งชัน,57.6,0,Bang Ramat,บางระมาด,101905,9.9,49.5,https://thaifloodrisk.com/en/tools/bangkok-2011-flood-by-district
Taling Chan,ตลิ่งชัน,57.6,0,Bang Chueak Nang,บางเชือกหนัง,101907,3.6,69,https://thaifloodrisk.com/en/tools/bangkok-2011-flood-by-district
Bang Phlat,บางพลัด,59.9,0,Bang Phlat,บางพลัด,102501,3.5,68.4,https://thaifloodrisk.com/en/tools/bangkok-2011-flood-by-district
Bang Phlat,บางพลัด,59.9,0,Bang O,บางอ้อ,102502,3.1,54.3,https://thaifloodrisk.com/en/tools/bangkok-2011-flood-by-district
Bang Phlat,บางพลัด,59.9,0,Bang Bamru,บางบำหรุ,102503,2.6,59.4,https://thaifloodrisk.com/en/tools/bangkok-2011-flood-by-district
Bang Phlat,บางพลัด,59.9,0,Bang Yi Khan,บางยี่ขัน,102504,2.8,56.2,https://thaifloodrisk.com/en/tools/bangkok-2011-flood-by-district
Bangkok Noi,บางกอกน้อย,60.3,0,Siri Rat,ศิริราช,102004,1.7,60.2,https://thaifloodrisk.com/en/tools/bangkok-2011-flood-by-district
Bangkok Noi,บางกอกน้อย,60.3,0,Ban Chang Lo,บ้านช่างหล่อ,102005,2.2,89.4,https://thaifloodrisk.com/en/tools/bangkok-2011-flood-by-district
Bangkok Noi,บางกอกน้อย,60.3,0,Bang Khun Non,บางขุนนนท์,102006,1.5,24.7,https://thaifloodrisk.com/en/tools/bangkok-2011-flood-by-district
Bangkok Noi,บางกอกน้อย,60.3,0,Bang Khun Si,บางขุนศรี,102007,4.3,50.2,https://thaifloodrisk.com/en/tools/bangkok-2011-flood-by-district
Bangkok Noi,บางกอกน้อย,60.3,0,Arun Ammarin,อรุณอมรินทร์,102009,2.9,71.9,https://thaifloodrisk.com/en/tools/bangkok-2011-flood-by-district
Lat Krabang,ลาดกระบัง,60.4,7,Lat Krabang,ลาดกระบัง,101101,11.5,16.8,https://thaifloodrisk.com/en/tools/bangkok-2011-flood-by-district
Lat Krabang,ลาดกระบัง,60.4,7,Khlong Song Ton Nun,คลองสองต้นนุ่น,101102,16.6,44.6,https://thaifloodrisk.com/en/tools/bangkok-2011-flood-by-district
Lat Krabang,ลาดกระบัง,60.4,7,Khlong Sam Prawet,คลองสามประเวศ,101103,17.5,48.3,https://thaifloodrisk.com/en/tools/bangkok-2011-flood-by-district
Lat Krabang,ลาดกระบัง,60.4,7,Lam Pla Thio,ลำปลาทิว,101104,33,62.2,https://thaifloodrisk.com/en/tools/bangkok-2011-flood-by-district
Lat Krabang,ลาดกระบัง,60.4,7,Thap Yao,ทับยาว,101105,23.4,68.7,https://thaifloodrisk.com/en/tools/bangkok-2011-flood-by-district
Lat Krabang,ลาดกระบัง,60.4,7,Khum Thong,ขุมทอง,101106,23.4,91.3,https://thaifloodrisk.com/en/tools/bangkok-2011-flood-by-district
Bang Khen,บางเขน,64.9,0.8,Anusawari,อนุสาวรีย์,100502,18.3,68.7,https://thaifloodrisk.com/en/tools/bangkok-2011-flood-by-district
Bang Khen,บางเขน,64.9,0.8,Tha Raeng,ท่าแร้ง,100508,23,61.9,https://thaifloodrisk.com/en/tools/bangkok-2011-flood-by-district
Lak Si,หลักสี่,65.2,0,Thung Song Hong,ทุ่งสองห้อง,104101,17.2,64.3,https://thaifloodrisk.com/en/tools/bangkok-2011-flood-by-district
Lak Si,หลักสี่,65.2,0,Talat Bang Khen,ตลาดบางเขน,104102,5.9,67.6,https://thaifloodrisk.com/en/tools/bangkok-2011-flood-by-district
Samphanthawong,สัมพันธวงศ์,67.6,0,Chakkrawat,จักรวรรดิ,101301,0.5,66.1,https://thaifloodrisk.com/en/tools/bangkok-2011-flood-by-district
Samphanthawong,สัมพันธวงศ์,67.6,0,Samphanthawong,สัมพันธวงศ์,101302,0.5,82.5,https://thaifloodrisk.com/en/tools/bangkok-2011-flood-by-district
Samphanthawong,สัมพันธวงศ์,67.6,0,Talat Noi,ตลาดน้อย,101303,0.4,50.9,https://thaifloodrisk.com/en/tools/bangkok-2011-flood-by-district
Bangkok Yai,บางกอกใหญ่,67.7,0,Wat Arun,วัดอรุณ,101601,0.9,70.4,https://thaifloodrisk.com/en/tools/bangkok-2011-flood-by-district
Bangkok Yai,บางกอกใหญ่,67.7,0,Wat Tha Phra,วัดท่าพระ,101602,5.2,67.3,https://thaifloodrisk.com/en/tools/bangkok-2011-flood-by-district
Sai Mai,สายไหม,72.6,0.5,Sai Mai,สายไหม,104201,15.9,67.6,https://thaifloodrisk.com/en/tools/bangkok-2011-flood-by-district
Sai Mai,สายไหม,72.6,0.5,O Ngoen,ออเงิน,104202,15.2,67.4,https://thaifloodrisk.com/en/tools/bangkok-2011-flood-by-district
Sai Mai,สายไหม,72.6,0.5,Khlong Thanon,คลองถนน,104203,12.2,85.6,https://thaifloodrisk.com/en/tools/bangkok-2011-flood-by-district
Chatuchak,จตุจักร,74.7,0,Lat Yao,ลาดยาว,103001,32.8,74.7,https://thaifloodrisk.com/en/tools/bangkok-2011-flood-by-district
Bang Khae,บางแค,75.3,0,Bang Khae,บางแค,104001,11.3,67.5,https://thaifloodrisk.com/en/tools/bangkok-2011-flood-by-district
Bang Khae,บางแค,75.3,0,Bang Khae Nuea,บางแคเหนือ,104002,11.4,72.3,https://thaifloodrisk.com/en/tools/bangkok-2011-flood-by-district
Bang Khae,บางแค,75.3,0,Bang Phai,บางไผ่,104003,14.9,83.8,https://thaifloodrisk.com/en/tools/bangkok-2011-flood-by-district
Bang Khae,บางแค,75.3,0,Lak Song,หลักสอง,104004,9.7,74.8,https://thaifloodrisk.com/en/tools/bangkok-2011-flood-by-district
Khlong Sam Wa,คลองสามวา,76.8,4.9,Sam Wa Tawan Tok,สามวาตะวันตก,104601,27.8,82,https://thaifloodrisk.com/en/tools/bangkok-2011-flood-by-district
Khlong Sam Wa,คลองสามวา,76.8,4.9,Sam Wa Tawan Ok,สามวาตะวันออก,104602,39,88.9,https://thaifloodrisk.com/en/tools/bangkok-2011-flood-by-district
Khlong Sam Wa,คลองสามวา,76.8,4.9,Bang Chan,บางชัน,104603,20.6,46.7,https://thaifloodrisk.com/en/tools/bangkok-2011-flood-by-district
Khlong Sam Wa,คลองสามวา,76.8,4.9,Sai Kong Din,ทรายกองดิน,104604,10.2,71.5,https://thaifloodrisk.com/en/tools/bangkok-2011-flood-by-district
Khlong Sam Wa,คลองสามวา,76.8,4.9,Sai Kong Din Tai,ทรายกองดินใต้,104605,18.3,79.6,https://thaifloodrisk.com/en/tools/bangkok-2011-flood-by-district
Nong Chok,หนองจอก,84.4,22.7,Krathum Rai,กระทุ่มราย,100301,37,87.2,https://thaifloodrisk.com/en/tools/bangkok-2011-flood-by-district
Nong Chok,หนองจอก,84.4,22.7,Nong Chok,หนองจอก,100302,34,86,https://thaifloodrisk.com/en/tools/bangkok-2011-flood-by-district
Nong Chok,หนองจอก,84.4,22.7,Khlong Sip,คลองสิบ,100303,24.1,94.5,https://thaifloodrisk.com/en/tools/bangkok-2011-flood-by-district
Nong Chok,หนองจอก,84.4,22.7,Khlong Sip Song,คลองสิบสอง,100304,41.3,89,https://thaifloodrisk.com/en/tools/bangkok-2011-flood-by-district
Nong Chok,หนองจอก,84.4,22.7,Khok Faet,โคกแฝด,100305,21.4,71.9,https://thaifloodrisk.com/en/tools/bangkok-2011-flood-by-district
Nong Chok,หนองจอก,84.4,22.7,Khu Fang Nuea,คู้ฝั่งเหนือ,100306,16.1,85,https://thaifloodrisk.com/en/tools/bangkok-2011-flood-by-district
Nong Chok,หนองจอก,84.4,22.7,Lam Phak Chi,ลำผักชี,100307,31.4,71.4,https://thaifloodrisk.com/en/tools/bangkok-2011-flood-by-district
Nong Chok,หนองจอก,84.4,22.7,Lam Toiting,ลำต้อยติ่ง,100308,29.6,87,https://thaifloodrisk.com/en/tools/bangkok-2011-flood-by-district
Thawi Watthana,ทวีวัฒนา,90.7,0.1,Thawi Watthana,ทวีวัฒนา,104801,20,85.8,https://thaifloodrisk.com/en/tools/bangkok-2011-flood-by-district
Thawi Watthana,ทวีวัฒนา,90.7,0.1,Sala Thammasop,ศาลาธรรมสพน์,104802,32.2,93.7,https://thaifloodrisk.com/en/tools/bangkok-2011-flood-by-district
Don Mueang,ดอนเมือง,93.8,0,Si Kan,สีกัน,103602,35.9,93.8,https://thaifloodrisk.com/en/tools/bangkok-2011-flood-by-district
