road_en,road_th,rank_of_all_roads,roads_in_records,episodes,days,median_depth_cm,max_depth_cm,median_duration_min,median_rain_mm,districts,top_hotspot_en,top_hotspot_episodes,page
Chaeng Watthana,แจ้งวัฒนะ,1,141,108,52,15,30,75,62,bangkok-lak-si bangkok-bang-khen,Lotus's Lak Si,35,https://thaifloodrisk.com/en/tools/bangkok-street-flooding/chaeng-watthana
Sukhumvit,สุขุมวิท,2,141,105,52,20,50,105,70.5,bangkok-watthana bangkok-bang-na bangkok-khlong-toei bangkok-phra-khanong,Soi Sukhumvit 26,18,https://thaifloodrisk.com/en/tools/bangkok-street-flooding/sukhumvit
Phahon Yothin,พหลโยธิน,3,141,103,57,15,40,65,66,bangkok-chatuchak bangkok-sai-mai bangkok-phaya-thai bangkok-bang-khen bangkok-don-mueang,Soi Phahon Yothin 60/1,24,https://thaifloodrisk.com/en/tools/bangkok-street-flooding/phahon-yothin
Nawamin,นวมินทร์,4,141,83,36,15,30,80,42,bangkok-bung-kum bangkok-bang-kapi,Soi Nawamin 46 (Santi Asoke),24,https://thaifloodrisk.com/en/tools/bangkok-street-flooding/nawamin
Ratchadaphisek,รัชดาภิเษก,5,141,70,43,15,50,80,68,bangkok-chatuchak bangkok-din-daeng bangkok-huai-khwang,Thiam Ruam Mit intersection,26,https://thaifloodrisk.com/en/tools/bangkok-street-flooding/ratchadaphisek
Si Ayutthaya,ศรีอยุธยา,6,141,55,31,15,30,55,70,bangkok-ratchathewi bangkok-phaya-thai,Santirat Witthayalai School,19,https://thaifloodrisk.com/en/tools/bangkok-street-flooding/si-ayutthaya
Phatthanakan,พัฒนาการ,7,141,48,30,15,20,95,52,bangkok-suan-luang,Krungthai Bank branch,16,https://thaifloodrisk.com/en/tools/bangkok-street-flooding/phatthanakan
Lat Phrao,ลาดพร้าว,8,141,46,27,15,30,138,76.5,bangkok-wang-thonglang bangkok-lat-phrao bangkok-chatuchak bangkok-bang-kapi,Soi Lat Phrao 110,18,https://thaifloodrisk.com/en/tools/bangkok-street-flooding/lat-phrao
Pracha Songkhro,ประชาสงเคราะห์,9,141,42,29,15,30,90,61,bangkok-din-daeng,Huai Khwang market,20,https://thaifloodrisk.com/en/tools/bangkok-street-flooding/pracha-songkhro
Ramkhamhaeng,รามคำแหง,10,141,40,18,15,30,105,64,bangkok-bang-kapi bangkok-suan-luang bangkok-wang-thonglang,Soi Ramkhamhaeng 33,10,https://thaifloodrisk.com/en/tools/bangkok-street-flooding/ramkhamhaeng
Phet Kasem,เพชรเกษม,11,141,38,21,15,30,50,88,bangkok-bang-khae bangkok-phasi-charoen bangkok-yai,Wat Muang,6,https://thaifloodrisk.com/en/tools/bangkok-street-flooding/phet-kasem
Rama 4,พระราม 4,12,141,35,28,18,30,60,69.5,bangkok-khlong-toei bangkok-bang-rak,Kluai Nam Thai intersection,11,https://thaifloodrisk.com/en/tools/bangkok-street-flooding/rama-4
Sukhumvit 71,สุขุมวิท 71,13,141,31,28,20,50,93,70,bangkok-watthana bangkok-khlong-toei bangkok-suan-luang,Pridi Banomyong side sois,19,https://thaifloodrisk.com/en/tools/bangkok-street-flooding/sukhumvit-71
Lat Krabang,ลาดกระบัง,13,141,31,24,15,25,138,48,bangkok-lat-krabang,King Kaeo intersection,16,https://thaifloodrisk.com/en/tools/bangkok-street-flooding/lat-krabang
Ekkachai,เอกชัย,15,141,28,16,15,30,58,64,bangkok-bang-bon,Big C Bang Bon,12,https://thaifloodrisk.com/en/tools/bangkok-street-flooding/ekkachai
Phetchaburi,เพชรบุรี,16,141,27,23,15,40,58,60.5,bangkok-ratchathewi bangkok-huai-khwang,Mitsamphan to Asok intersections,8,https://thaifloodrisk.com/en/tools/bangkok-street-flooding/phetchaburi
Chaloem Phrakiat Rama 9,เฉลิมพระเกียรติ ร.๙,16,141,27,19,15,20,153,59,bangkok-prawet,Si Udom intersection,16,https://thaifloodrisk.com/en/tools/bangkok-street-flooding/chaloem-phrakiat-rama-9
Pracha Suk,ประชาสุข,16,141,27,26,20,45,80,55,bangkok-din-daeng bangkok-sathorn,Soi Inthamara 34,13,https://thaifloodrisk.com/en/tools/bangkok-street-flooding/pracha-suk
Sathu Pradit,สาธุประดิษฐ์,19,141,26,21,20,31,60,55,bangkok-sathorn bangkok-yannawa,Chan Road junction,11,https://thaifloodrisk.com/en/tools/bangkok-street-flooding/sathu-pradit
Luang Phaeng,หลวงแพ่ง,20,141,25,22,15,20,140,48,bangkok-lat-krabang,Lotus's Lat Krabang,19,https://thaifloodrisk.com/en/tools/bangkok-street-flooding/luang-phaeng
Rama 6,พระราม 6,20,141,25,17,15,20,65,70,bangkok-ratchathewi bangkok-phaya-thai,Department of Highways,10,https://thaifloodrisk.com/en/tools/bangkok-street-flooding/rama-6
Srinagarindra,ศรีนครินทร์,22,141,24,17,15,30,103,83.5,bangkok-bang-kapi bangkok-suan-luang bangkok-bang-na bangkok-prawet,Green Sport company,7,https://thaifloodrisk.com/en/tools/bangkok-street-flooding/srinagarindra
Vibhavadi Rangsit,วิภาวดีรังสิต,23,141,23,18,15,30,145,71.5,bangkok-phaya-thai bangkok-lak-si bangkok-don-mueang bangkok-chatuchak bangkok-din-daeng,"1st Infantry Regiment, King's Guard",9,https://thaifloodrisk.com/en/tools/bangkok-street-flooding/vibhavadi-rangsit
Phaya Thai,พญาไท,23,141,23,19,15,20,90,72,bangkok-ratchathewi bangkok-pathum-wan,Department of Livestock Development,20,https://thaifloodrisk.com/en/tools/bangkok-street-flooding/phaya-thai
Banthat Thong,บรรทัดทอง,23,141,23,22,18,20,80,59.5,bangkok-ratchathewi,Phetchaburi Road junction,18,https://thaifloodrisk.com/en/tools/bangkok-street-flooding/banthat-thong
On Nut,อ่อนนุช,26,141,20,16,20,25,143,50,bangkok-prawet,Soi On Nut 59,19,https://thaifloodrisk.com/en/tools/bangkok-street-flooding/on-nut
