slug,name_en,name_th,region,province,lat,lon,flood_risk_score,risk_level,srtm_elevation_m,ground_elevation_lidar_m,gistda_flooded_years,gistda_years_covered,nearest_waterway_m,bma_subdistricts_inside_protection,bma_subdistricts_outside_protection,page
bangkok-phra-nakhon,Phra Nakhon,พระนคร,bangkok,Bangkok,13.7563,100.4996,40,moderate,9,,1,14,99,12,0,https://thaifloodrisk.com/en/flood-risk/bangkok-phra-nakhon
bangkok-dusit,Dusit,ดุสิต,bangkok,Bangkok,13.7722,100.5153,35,low,7,,1,14,172,5,0,https://thaifloodrisk.com/en/flood-risk/bangkok-dusit
bangkok-nong-chok,Nong Chok,หนองจอก,bangkok,Bangkok,13.8509,100.8564,60,moderate,3,1.84,3,14,771,0,8,https://thaifloodrisk.com/en/flood-risk/bangkok-nong-chok
bangkok-bang-rak,Bang Rak,บางรัก,bangkok,Bangkok,13.7272,100.5217,14,low,14,,0,14,399,5,0,https://thaifloodrisk.com/en/flood-risk/bangkok-bang-rak
bangkok-bang-khen,Bang Khen,บางเขน,bangkok,Bangkok,13.8692,100.6297,50,moderate,5,1.71,2,14,173,2,0,https://thaifloodrisk.com/en/flood-risk/bangkok-bang-khen
bangkok-bang-kapi,Bang Kapi,บางกะปิ,bangkok,Bangkok,13.7734,100.6386,46,moderate,5,0.33,1,14,32,2,0,https://thaifloodrisk.com/en/flood-risk/bangkok-bang-kapi
bangkok-pathum-wan,Pathum Wan,ปทุมวัน,bangkok,Bangkok,13.7419,100.5318,21,low,11,,0,14,298,4,0,https://thaifloodrisk.com/en/flood-risk/bangkok-pathum-wan
bangkok-pom-prap-sattru-phai,Pom Prap Sattru Phai,ป้อมปราบศัตรูพ่าย,bangkok,Bangkok,13.7508,100.5113,14,low,15,,0,14,388,5,0,https://thaifloodrisk.com/en/flood-risk/bangkok-pom-prap-sattru-phai
bangkok-phra-khanong,Phra Khanong,พระโขนง,bangkok,Bangkok,13.6893,100.5984,26,low,14,-0.06,0,14,93,1,0,https://thaifloodrisk.com/en/flood-risk/bangkok-phra-khanong
bangkok-min-buri,Min Buri,มีนบุรี,bangkok,Bangkok,13.8086,100.7554,52,moderate,4,0.01,3,14,318,2,0,https://thaifloodrisk.com/en/flood-risk/bangkok-min-buri
bangkok-lat-krabang,Lat Krabang,ลาดกระบัง,bangkok,Bangkok,13.7481,100.7848,59,moderate,4,-0.11,4,14,124,3,3,https://thaifloodrisk.com/en/flood-risk/bangkok-lat-krabang
bangkok-yannawa,Yannawa,ยานนาวา,bangkok,Bangkok,13.6853,100.5409,40,moderate,9,2.23,1,14,77,2,0,https://thaifloodrisk.com/en/flood-risk/bangkok-yannawa
bangkok-samphanthawong,Samphanthawong,สัมพันธวงศ์,bangkok,Bangkok,13.7381,100.509,31,low,13,2.16,1,14,234,3,0,https://thaifloodrisk.com/en/flood-risk/bangkok-samphanthawong
bangkok-phaya-thai,Phaya Thai,พญาไท,bangkok,Bangkok,13.7793,100.5454,24,low,8,0.63,1,14,1106,1,0,https://thaifloodrisk.com/en/flood-risk/bangkok-phaya-thai
bangkok-thon-buri,Thon Buri,ธนบุรี,bangkok,Bangkok,13.7227,100.4867,35,low,6,1.71,1,14,108,5,0,https://thaifloodrisk.com/en/flood-risk/bangkok-thon-buri
bangkok-yai,Bangkok Yai,บางกอกใหญ่,bangkok,Bangkok,13.7391,100.4811,46,moderate,4,1.52,1,14,3,2,0,https://thaifloodrisk.com/en/flood-risk/bangkok-yai
bangkok-huai-khwang,Huai Khwang,ห้วยขวาง,bangkok,Bangkok,13.7698,100.5832,32,low,3,1.79,0,14,382,3,0,https://thaifloodrisk.com/en/flood-risk/bangkok-huai-khwang
bangkok-khlong-san,Khlong San,คลองสาน,bangkok,Bangkok,13.7263,100.5024,35,low,9,1.84,1,14,171,4,0,https://thaifloodrisk.com/en/flood-risk/bangkok-khlong-san
bangkok-taling-chan,Taling Chan,ตลิ่งชัน,bangkok,Bangkok,13.7694,100.4423,46,moderate,5,1.62,1,14,9,6,0,https://thaifloodrisk.com/en/flood-risk/bangkok-taling-chan
bangkok-noi,Bangkok Noi,บางกอกน้อย,bangkok,Bangkok,13.7616,100.4741,35,low,7,2.35,1,14,196,5,0,https://thaifloodrisk.com/en/flood-risk/bangkok-noi
bangkok-bang-khun-thian,Bang Khun Thian,บางขุนเทียน,bangkok,Bangkok,13.5707,100.3994,54,moderate,3,0.85,1,14,1,2,0,https://thaifloodrisk.com/en/flood-risk/bangkok-bang-khun-thian
bangkok-phasi-charoen,Phasi Charoen,ภาษีเจริญ,bangkok,Bangkok,13.7279,100.4483,54,moderate,3,2.23,1,14,10,7,0,https://thaifloodrisk.com/en/flood-risk/bangkok-phasi-charoen
bangkok-nong-khaem,Nong Khaem,หนองแขม,bangkok,Bangkok,13.6976,100.34,25,low,11,1.46,1,14,693,2,0,https://thaifloodrisk.com/en/flood-risk/bangkok-nong-khaem
bangkok-rat-burana,Rat Burana,ราษฎร์บูรณะ,bangkok,Bangkok,13.6736,100.5023,40,moderate,7,0.97,1,14,53,2,0,https://thaifloodrisk.com/en/flood-risk/bangkok-rat-burana
bangkok-bang-phlat,Bang Phlat,บางพลัด,bangkok,Bangkok,13.7848,100.4924,41,moderate,5,,1,14,197,4,0,https://thaifloodrisk.com/en/flood-risk/bangkok-bang-phlat
bangkok-din-daeng,Din Daeng,ดินแดง,bangkok,Bangkok,13.7772,100.563,25,low,15,0.87,1,14,319,1,0,https://thaifloodrisk.com/en/flood-risk/bangkok-din-daeng
bangkok-bung-kum,Bung Kum,บึงกุ่ม,bangkok,Bangkok,13.8119,100.6521,46,moderate,4,1.15,1,14,94,1,0,https://thaifloodrisk.com/en/flood-risk/bangkok-bung-kum
bangkok-sathorn,Sathorn,สาทร,bangkok,Bangkok,13.7135,100.5311,25,low,7,1.15,0,14,112,3,0,https://thaifloodrisk.com/en/flood-risk/bangkok-sathorn
bangkok-bang-sue,Bang Sue,บางซื่อ,bangkok,Bangkok,13.8209,100.5137,31,low,11,1.67,1,14,100,1,0,https://thaifloodrisk.com/en/flood-risk/bangkok-bang-sue
bangkok-chatuchak,Chatuchak,จตุจักร,bangkok,Bangkok,13.8269,100.5673,29,low,9,1.02,1,14,492,1,0,https://thaifloodrisk.com/en/flood-risk/bangkok-chatuchak
bangkok-bang-kho-laem,Bang Kho Laem,บางคอแหลม,bangkok,Bangkok,13.6986,100.508,41,moderate,5,1.48,1,14,222,3,0,https://thaifloodrisk.com/en/flood-risk/bangkok-bang-kho-laem
bangkok-prawet,Prawet,ประเวศ,bangkok,Bangkok,13.688,100.6871,44,moderate,3,0.86,0,14,30,3,0,https://thaifloodrisk.com/en/flood-risk/bangkok-prawet
bangkok-khlong-toei,Khlong Toei,คลองเตย,bangkok,Bangkok,13.7144,100.5754,52,moderate,2,0.75,0,14,95,3,0,https://thaifloodrisk.com/en/flood-risk/bangkok-khlong-toei
bangkok-suan-luang,Suan Luang,สวนหลวง,bangkok,Bangkok,13.7269,100.6259,49,moderate,3,0.45,1,14,203,1,0,https://thaifloodrisk.com/en/flood-risk/bangkok-suan-luang
bangkok-chom-thong,Chom Thong,จอมทอง,bangkok,Bangkok,13.692,100.4643,25,low,11,1.18,1,14,404,3,0,https://thaifloodrisk.com/en/flood-risk/bangkok-chom-thong
bangkok-don-mueang,Don Mueang,ดอนเมือง,bangkok,Bangkok,13.9334,100.5841,46,moderate,5,2.03,1,14,45,1,0,https://thaifloodrisk.com/en/flood-risk/bangkok-don-mueang
bangkok-ratchathewi,Ratchathewi,ราชเทวี,bangkok,Bangkok,13.7561,100.5381,14,low,12,,0,14,551,4,0,https://thaifloodrisk.com/en/flood-risk/bangkok-ratchathewi
bangkok-lat-phrao,Lat Phrao,ลาดพร้าว,bangkok,Bangkok,13.8294,100.6104,35,low,5,1.1,1,14,699,2,0,https://thaifloodrisk.com/en/flood-risk/bangkok-lat-phrao
bangkok-watthana,Watthana,วัฒนา,bangkok,Bangkok,13.7309,100.583,25,low,11,0.81,1,14,972,3,0,https://thaifloodrisk.com/en/flood-risk/bangkok-watthana
bangkok-bang-khae,Bang Khae,บางแค,bangkok,Bangkok,13.7148,100.3973,40,moderate,6,1.24,1,14,28,4,0,https://thaifloodrisk.com/en/flood-risk/bangkok-bang-khae
bangkok-lak-si,Lak Si,หลักสี่,bangkok,Bangkok,13.8736,100.5674,29,low,9,1.55,1,14,385,2,0,https://thaifloodrisk.com/en/flood-risk/bangkok-lak-si
bangkok-sai-mai,Sai Mai,สายไหม,bangkok,Bangkok,13.9064,100.6555,60,moderate,2,1.21,2,14,360,3,0,https://thaifloodrisk.com/en/flood-risk/bangkok-sai-mai
bangkok-khan-na-yao,Khan Na Yao,คันนายาว,bangkok,Bangkok,13.8308,100.6702,44,moderate,6,1.79,2,14,179,1,0,https://thaifloodrisk.com/en/flood-risk/bangkok-khan-na-yao
bangkok-saphan-sung,Saphan Sung,สะพานสูง,bangkok,Bangkok,13.7589,100.6869,63,moderate,3,0.43,2,14,6,1,0,https://thaifloodrisk.com/en/flood-risk/bangkok-saphan-sung
bangkok-wang-thonglang,Wang Thonglang,วังทองหลาง,bangkok,Bangkok,13.7853,100.6115,35,low,9,0.54,1,14,222,1,0,https://thaifloodrisk.com/en/flood-risk/bangkok-wang-thonglang
bangkok-khlong-sam-wa,Khlong Sam Wa,คลองสามวา,bangkok,Bangkok,13.8696,100.74,80,high,-1,-0.09,4,14,406,3,2,https://thaifloodrisk.com/en/flood-risk/bangkok-khlong-sam-wa
bangkok-bang-na,Bang Na,บางนา,bangkok,Bangkok,13.6665,100.6225,25,low,10,1.48,0,14,158,1,0,https://thaifloodrisk.com/en/flood-risk/bangkok-bang-na
bangkok-thawi-watthana,Thawi Watthana,ทวีวัฒนา,bangkok,Bangkok,13.7694,100.3397,35,low,5,0.49,1,14,455,2,0,https://thaifloodrisk.com/en/flood-risk/bangkok-thawi-watthana
bangkok-thung-khru,Thung Khru,ทุ่งครุ,bangkok,Bangkok,13.6315,100.5099,41,moderate,4,1.18,1,14,138,2,0,https://thaifloodrisk.com/en/flood-risk/bangkok-thung-khru
bangkok-bang-bon,Bang Bon,บางบอน,bangkok,Bangkok,13.6447,100.3621,41,moderate,4,1.06,1,14,143,1,0,https://thaifloodrisk.com/en/flood-risk/bangkok-bang-bon
nonthaburi-mueang,Mueang Nonthaburi,เมืองนนทบุรี,bangkok-suburbs,Nonthaburi,13.8514,100.4913,35,low,10,,1,14,176,,,https://thaifloodrisk.com/en/flood-risk/nonthaburi-mueang
nonthaburi-pak-kret,Pak Kret,ปากเกร็ด,bangkok-suburbs,Nonthaburi,13.9193,100.4939,38,moderate,7,,2,14,313,,,https://thaifloodrisk.com/en/flood-risk/nonthaburi-pak-kret
nonthaburi-bang-bua-thong,Bang Bua Thong,บางบัวทอง,bangkok-suburbs,Nonthaburi,13.9252,100.4023,52,moderate,5,,3,14,419,,,https://thaifloodrisk.com/en/flood-risk/nonthaburi-bang-bua-thong
nonthaburi-bang-yai,Bang Yai,บางใหญ่,bangkok-suburbs,Nonthaburi,13.856,100.3837,72,high,3,,3,14,87,,,https://thaifloodrisk.com/en/flood-risk/nonthaburi-bang-yai
pathum-thani-mueang,Mueang Pathum Thani,เมืองปทุมธานี,bangkok-suburbs,Pathum Thani,13.9985,100.5406,53,moderate,9,,4,14,143,,,https://thaifloodrisk.com/en/flood-risk/pathum-thani-mueang
pathum-thani-thanyaburi,Thanyaburi (Rangsit),ธัญบุรี (รังสิต),bangkok-suburbs,Pathum Thani,13.989,100.63,35,low,8,,1,14,225,,,https://thaifloodrisk.com/en/flood-risk/pathum-thani-thanyaburi
pathum-thani-lam-luk-ka,Lam Luk Ka,ลำลูกกา,bangkok-suburbs,Pathum Thani,13.935,100.665,53,moderate,6,,3,14,256,,,https://thaifloodrisk.com/en/flood-risk/pathum-thani-lam-luk-ka
pathum-thani-khlong-luang,Khlong Luang,คลองหลวง,bangkok-suburbs,Pathum Thani,14.08,100.62,58,moderate,6,,5,14,19,,,https://thaifloodrisk.com/en/flood-risk/pathum-thani-khlong-luang
samut-prakan-mueang,Mueang Samut Prakan,เมืองสมุทรปราการ,bangkok-suburbs,Samut Prakan,13.5895,100.6299,52,moderate,0,,0,14,300,,,https://thaifloodrisk.com/en/flood-risk/samut-prakan-mueang
samut-prakan-bang-phli,Bang Phli,บางพลี,bangkok-suburbs,Samut Prakan,13.6431,100.7253,63,moderate,-3,,1,14,382,,,https://thaifloodrisk.com/en/flood-risk/samut-prakan-bang-phli
samut-prakan-phra-pradaeng,Phra Pradaeng,พระประแดง,bangkok-suburbs,Samut Prakan,13.658,100.5549,65,moderate,1,,1,14,189,,,https://thaifloodrisk.com/en/flood-risk/samut-prakan-phra-pradaeng
pattaya,Pattaya,พัทยา,eastern-seaboard,Chon Buri,12.9236,100.8825,9,low,12,,0,14,1111,,,https://thaifloodrisk.com/en/flood-risk/pattaya
rayong,Rayong,ระยอง,eastern-seaboard,Rayong,12.6814,101.2816,25,low,11,,1,14,464,,,https://thaifloodrisk.com/en/flood-risk/rayong
koh-samet,Koh Samet,เกาะเสม็ด,eastern-seaboard,Rayong,12.5676,101.4658,17,low,11,,1,14,,,,https://thaifloodrisk.com/en/flood-risk/koh-samet
koh-chang,Koh Chang,เกาะช้าง,eastern-seaboard,Trat,12.1052,102.2728,18,low,10,,0,14,580,,,https://thaifloodrisk.com/en/flood-risk/koh-chang
hua-hin,Hua Hin,หัวหิน,gulf-coast,Prachuap Khiri Khan,12.5684,99.9577,18,low,9,,0,14,592,,,https://thaifloodrisk.com/en/flood-risk/hua-hin
cha-am,Cha-am,ชะอำ,gulf-coast,Phetchaburi,12.8,99.9667,41,moderate,6,,4,14,2046,,,https://thaifloodrisk.com/en/flood-risk/cha-am
prachuap-khiri-khan,Prachuap Khiri Khan,ประจวบคีรีขันธ์,gulf-coast,Prachuap Khiri Khan,11.8126,99.7957,38,moderate,9,,2,14,399,,,https://thaifloodrisk.com/en/flood-risk/prachuap-khiri-khan
phuket,Phuket,ภูเก็ต,andaman-coast,Phuket,7.8967,98.2963,18,low,9,,0,14,533,,,https://thaifloodrisk.com/en/flood-risk/phuket
khao-lak,Khao Lak,เขาหลัก,andaman-coast,Phang Nga,8.6664,98.2497,21,low,12,,0,14,148,,,https://thaifloodrisk.com/en/flood-risk/khao-lak
krabi-ao-nang,Krabi / Ao Nang,กระบี่ / อ่าวนาง,andaman-coast,Krabi,8.0325,98.823,21,low,21,,0,14,276,,,https://thaifloodrisk.com/en/flood-risk/krabi-ao-nang
koh-lanta,Koh Lanta,เกาะลันตา,andaman-coast,Krabi,7.6113,99.0327,25,low,9,,0,14,256,,,https://thaifloodrisk.com/en/flood-risk/koh-lanta
koh-samui,Koh Samui,เกาะสมุย,gulf-islands,Surat Thani,9.5357,100.0623,9,low,11,,0,14,1209,,,https://thaifloodrisk.com/en/flood-risk/koh-samui
koh-phangan,Koh Phangan,เกาะพะงัน,gulf-islands,Surat Thani,9.7106,99.9864,18,low,7,,0,14,441,,,https://thaifloodrisk.com/en/flood-risk/koh-phangan
koh-tao,Koh Tao,เกาะเต่า,gulf-islands,Surat Thani,10.0968,99.8292,26,low,17,,,,212,,,https://thaifloodrisk.com/en/flood-risk/koh-tao
chiang-mai,Chiang Mai,เชียงใหม่,northern-thailand,Chiang Mai,18.7883,98.9853,24,low,314,,0,14,797,,,https://thaifloodrisk.com/en/flood-risk/chiang-mai
chiang-mai-wat-ket,Wat Ket & Riverside,วัดเกต (ย่านริมน้ำปิง),northern-thailand,Chiang Mai,18.792,99.0055,60,moderate,308,,2,14,337,,,https://thaifloodrisk.com/en/flood-risk/chiang-mai-wat-ket
chiang-mai-nimman,Nimman & Suthep,นิมมานเหมินท์ สุเทพ,northern-thailand,Chiang Mai,18.799,98.968,34,low,326,,2,14,557,,,https://thaifloodrisk.com/en/flood-risk/chiang-mai-nimman
chiang-mai-san-sai,San Sai,สันทราย,northern-thailand,Chiang Mai,18.8565,99.043,68,high,312,,2,14,382,,,https://thaifloodrisk.com/en/flood-risk/chiang-mai-san-sai
chiang-mai-hang-dong,Hang Dong,หางดง,northern-thailand,Chiang Mai,18.6875,98.9205,25,low,313,,1,14,729,,,https://thaifloodrisk.com/en/flood-risk/chiang-mai-hang-dong
chiang-mai-saraphi,Saraphi,สารภี,northern-thailand,Chiang Mai,18.71,99.038,76,high,295,,3,14,411,,,https://thaifloodrisk.com/en/flood-risk/chiang-mai-saraphi
chiang-rai,Chiang Rai,เชียงราย,northern-thailand,Chiang Rai,19.9105,99.8406,18,low,395,,0,14,337,,,https://thaifloodrisk.com/en/flood-risk/chiang-rai
hat-yai,Hat Yai,หาดใหญ่,southern-thailand,Songkhla,7.0075,100.469,42,moderate,15,,7,14,588,,,https://thaifloodrisk.com/en/flood-risk/hat-yai
ayutthaya,Ayutthaya,พระนครศรีอยุธยา,central-thailand,Phra Nakhon Si Ayutthaya,14.3535,100.5646,58,moderate,8,,4,14,61,,,https://thaifloodrisk.com/en/flood-risk/ayutthaya
udon-thani,Udon Thani,อุดรธานี,northeastern-thailand,Udon Thani,17.4082,102.7868,44,moderate,181,,2,14,275,,,https://thaifloodrisk.com/en/flood-risk/udon-thani
